school,lat,lon,center_count,total_capacity
Carrboro Elementary,35.9149,-79.0786,5,0
Ephesus Elementary,35.9335,-79.0162,3,0
Estes Hills Elementary,35.9359,-79.0436,3,0
Northside Elementary,35.917543,-79.063168,3,0
Frank Porter Graham Bilingue,35.8997,-79.0725,2,0
Seawell Elementary,35.9404,-79.0789,1,0
Glenwood Elementary,35.9063,-79.0266,1,0
McDougle Elementary,35.9297,-79.099011,1,0
Scroggs Elementary,35.8791,-79.0685,1,0
Rashkis Elementary,35.9144,-79.0081,1,0
Morris Grove Elementary,35.9665,-79.1023,0,0
